,country,continent,population,iso_code,population_density,median_age,aged_65_older,aged_70_older,gdp_per_capita,diabetes_prevalence,female_smokers,male_smokers,hospital_beds_per_100k
0,Afghanistan,Asia,38928341,AFG,54.422,18.6,2.5810000000000004,1.337,1803.987,9.59,,,0.5
1,Albania,Europe,2877800,ALB,104.87100000000001,38.0,13.187999999999999,8.642999999999999,11803.431,10.08,7.1,51.2,2.89
2,Algeria,Africa,43851043,DZA,17.348,29.1,6.211,3.8569999999999998,13913.839,6.73,0.7,30.4,1.9
3,Andorra,Europe,77265,AND,163.755,,,,,7.97,29.0,37.8,
4,Angola,Africa,32866268,AGO,23.89,16.8,2.405,1.3619999999999999,5819.495,3.94,,,
5,Anguilla,North America,15002,AIA,,,,,,,,,
6,Antigua and Barbuda,North America,97928,ATG,231.845,32.1,6.933,4.631,21490.943,13.17,,,3.8
7,Argentina,South America,45195777,ARG,16.177,31.9,11.198,7.441,18933.907,5.5,16.2,27.7,5.0
8,Armenia,Asia,2963234,ARM,102.931,35.7,11.232000000000001,7.571000000000001,8787.58,7.11,1.5,52.1,4.2
9,Aruba,North America,106766,ABW,584.8,41.2,13.085,7.452000000000001,35973.781,11.62,,,
10,Australia,Oceania,25499881,AUS,3.202,37.9,15.504000000000001,10.129,44648.71,5.07,13.0,16.5,3.84
11,Austria,Europe,9006400,AUT,106.749,44.4,19.202,13.748,45436.685999999994,6.35,28.4,30.9,7.37
12,Azerbaijan,Asia,10139175,AZE,119.309,32.4,6.018,3.8710000000000004,15847.419,7.11,0.3,42.5,4.7
13,Bahamas,North America,393248,BHS,39.497,34.3,8.996,5.2,27717.847,13.17,3.1,20.4,2.9
14,Bahrain,Asia,1701583,BHR,1935.9070000000002,32.4,2.372,1.3869999999999998,43290.705,16.52,5.8,37.6,2.0
15,Bangladesh,Asia,164689383,BGD,1265.036,27.5,5.098,3.262,3523.9840000000004,8.38,1.0,44.7,0.8
16,Barbados,North America,287371,BRB,664.4630000000001,39.8,14.952,9.472999999999999,16978.068,13.57,1.9,14.5,5.8
17,Belarus,Europe,9449321,BLR,46.858000000000004,40.3,14.799000000000001,9.788,17167.967,5.18,10.5,46.1,11.0
18,Belgium,Europe,11589616,BEL,375.564,41.8,18.570999999999998,12.849,42658.575999999994,4.29,25.1,31.4,5.64
19,Belize,North America,397621,BLZ,16.426,25.0,3.853,2.279,7824.361999999999,17.11,,,1.3
20,Benin,Africa,12123198,BEN,99.11,18.8,3.2439999999999998,1.942,2064.236,0.99,0.6,12.3,0.5
21,Bermuda,North America,62273,BMU,1308.82,,,,50669.315,13.0,,,
22,Bhutan,Asia,771612,BTN,21.188000000000002,28.6,4.885,2.977,8708.597,9.75,,,1.7
23,Bolivia,South America,11673029,BOL,10.202,25.4,6.704,4.393,6885.829000000001,6.89,,,1.1
24,Bonaire Sint Eustatius and Saba,North America,26221,BES,,,,,,,,,
25,Bosnia and Herzegovina,Europe,3280815,BIH,68.49600000000001,42.5,16.569000000000003,10.710999999999999,11713.895,10.08,30.2,47.7,3.5
26,Botswana,Africa,2351625,BWA,4.044,25.8,3.9410000000000003,2.242,15807.374,4.81,5.7,34.4,1.8
27,Brazil,South America,212559409,BRA,25.04,33.5,8.552,5.06,14103.452,8.11,10.1,17.9,2.2
28,British Virgin Islands,North America,30237,VGB,207.97299999999998,,,,,13.67,,,
29,Brunei,Asia,437483,BRN,81.347,32.4,4.591,2.3819999999999997,71809.25099999999,12.79,2.0,30.9,2.7
30,Bulgaria,Europe,6948445,BGR,65.18,44.7,20.801,13.272,18563.307,5.81,30.1,44.4,7.454
31,Burkina Faso,Africa,20903278,BFA,70.15100000000001,17.6,2.4090000000000003,1.358,1703.102,2.42,1.6,23.9,0.4
32,Burundi,Africa,11890781,BDI,423.06199999999995,17.5,2.562,1.504,702.225,6.05,,,0.8
33,Cambodia,Asia,16718971,KHM,90.67200000000001,25.6,4.412,2.385,3645.07,4.0,2.0,33.7,0.8
34,Cameroon,Africa,26545864,CMR,50.885,18.8,3.165,1.919,3364.926,7.2,,,1.3
35,Canada,North America,37742157,CAN,4.037,41.4,16.984,10.797,44017.59099999999,7.37,12.0,16.6,2.5
36,Cape Verde,Africa,555988,CPV,135.58,25.7,4.46,3.437,6222.554,2.42,2.1,16.5,2.1
37,Cayman Islands,North America,65720,CYM,256.496,,,,49903.029,13.22,,,
38,Central African Republic,Africa,4829764,CAF,7.479,18.3,3.655,2.251,661.24,6.1,,,1.0
39,Chad,Africa,16425859,TCD,11.833,16.7,2.4859999999999998,1.446,1768.1529999999998,6.1,,,
40,Chile,South America,19116209,CHL,24.281999999999996,35.4,11.087,6.938,22767.037,8.46,34.2,41.5,2.11
41,China,Asia,1439323774,CHN,147.674,38.7,10.640999999999998,5.928999999999999,15308.712,9.74,1.9,48.4,4.34
42,Colombia,South America,50882884,COL,44.223,32.2,7.646,4.312,13254.948999999999,7.44,4.7,13.5,1.71
43,Comoros,Africa,869595,COM,437.352,20.4,2.963,1.726,1413.89,11.88,4.4,23.6,2.2
44,Congo,Africa,5518092,COG,15.405,19.0,3.4019999999999997,2.063,4881.406,7.2,1.7,52.3,
45,Costa Rica,North America,5094114,CRI,96.079,33.6,9.468,5.694,15524.995,8.78,6.4,17.4,1.13
46,Cote d'Ivoire,Africa,26378275,CIV,76.399,18.7,2.9330000000000003,1.5819999999999999,3601.006,2.42,,,
47,Croatia,Europe,4105268,HRV,73.726,44.0,19.724,13.052999999999999,22669.797000000002,5.59,34.3,39.9,5.54
48,Cuba,North America,11326616,CUB,110.40799999999999,43.1,14.738,9.719,,8.27,17.1,53.3,5.2
49,Curacao,North America,164100,CUW,362.644,41.7,16.367,10.068,,11.62,,,
50,Cyprus,Europe,875899,CYP,127.65700000000001,37.3,13.415999999999999,8.562999999999999,32415.132,9.24,19.6,52.7,3.4
51,Czech Republic,Europe,10708982,CZE,137.17600000000002,43.3,19.027,11.58,32605.906000000003,6.82,30.5,38.3,6.63
52,Denmark,Europe,5792203,DNK,136.52,42.3,19.677,12.325,46682.515,6.41,19.3,18.8,2.5
53,Djibouti,Africa,988002,DJI,41.285,25.4,4.213,2.38,2705.406,6.05,1.7,24.5,1.4
54,Dominica,North America,71991,DMA,98.56700000000001,,,,9673.367,11.62,,,3.8
55,Dominican Republic,North America,10847904,DOM,222.873,27.6,6.981,4.419,14600.861,8.2,8.5,19.1,1.6
56,Ecuador,South America,17643060,ECU,66.939,28.1,7.104,4.458,10581.936000000002,5.55,2.0,12.3,1.5
57,Egypt,Africa,102334403,EGY,97.999,25.3,5.159,2.891,10550.206,17.31,0.2,50.1,1.6
58,El Salvador,North America,6486201,SLV,307.811,27.6,8.273,5.417000000000001,7292.4580000000005,8.87,2.5,18.8,1.3
59,Equatorial Guinea,Africa,1402985,GNQ,45.193999999999996,22.4,2.846,1.7519999999999998,22604.873,7.78,,,2.1
60,Eritrea,Africa,3546427,ERI,44.303999999999995,19.3,3.6069999999999998,2.171,1510.4589999999998,6.05,0.2,11.4,0.7
61,Estonia,Europe,1326539,EST,31.033,42.7,19.452,13.491,29481.252,4.02,24.5,39.3,4.69
62,Swaziland,Africa,1160164,SWZ,79.492,21.5,3.1630000000000003,1.845,7738.975,3.94,1.7,16.5,2.1
63,Ethiopia,Africa,114963583,ETH,104.95700000000001,19.8,3.5260000000000002,2.063,1729.9270000000001,7.47,0.4,8.5,0.3
64,Falkland Islands,South America,3483,FLK,,,,,,,,,
65,Faeroe Islands,Europe,48865,FRO,35.308,,,,,,,,
66,Fiji,Oceania,896444,FJI,49.562,28.6,6.224,3.284,8702.975,14.49,10.2,34.8,2.3
67,Finland,Europe,5540718,FIN,18.136,42.8,21.228,13.264000000000001,40585.721,5.76,18.3,22.6,3.28
68,France,Europe,65273512,FRA,122.57799999999999,42.0,19.718,13.079,38605.671,4.77,30.1,35.6,5.98
69,French Polynesia,Oceania,280904,PYF,77.324,32.7,7.775,4.593,,22.63,,,
70,Gabon,Africa,2225728,GAB,7.859,23.1,4.45,2.9760000000000004,16562.413,7.2,,,6.3
71,Gambia,Africa,2416664,GMB,207.56599999999997,17.5,2.339,1.4169999999999998,1561.767,1.91,0.7,31.2,1.1
72,Georgia,Asia,3989175,GEO,65.032,38.7,14.864,10.244000000000002,9745.079,7.11,5.3,55.5,2.6
73,Germany,Europe,83783945,DEU,237.016,46.6,21.453000000000003,15.957,45229.245,8.31,28.2,33.1,8.0
74,Ghana,Africa,31072945,GHA,126.719,21.1,3.385,1.9480000000000002,4227.63,4.97,0.3,7.7,0.9
75,Gibraltar,Europe,33691,GIB,3457.1,,,,,,,,
76,Greece,Europe,10423056,GRC,83.479,45.3,20.396,14.524000000000001,24574.382,4.55,35.3,52.0,4.21
77,Greenland,North America,56772,GRL,0.13699999999999998,,,,,2.16,,,
78,Grenada,North America,112519,GRD,317.132,29.4,7.303999999999999,5.021,13593.877,10.71,,,3.7
79,Guam,Oceania,168783,GUM,304.128,31.4,9.551,5.492999999999999,,21.52,,,
80,Guatemala,North America,17915567,GTM,157.834,22.9,4.694,3.016,7423.808000000001,10.18,,,0.6
81,Guernsey,Europe,0,GGY,,,,,,,,,
82,Guinea,Africa,13132792,GIN,51.755,19.0,3.135,1.733,1998.9260000000002,2.42,,,0.3
83,Guinea-Bissau,Africa,1967998,GNB,66.191,19.4,3.002,1.565,1548.675,2.42,,,
84,Guyana,South America,786559,GUY,3.952,26.3,5.305,2.8369999999999997,7435.047,11.62,,,1.6
85,Haiti,North America,11402533,HTI,398.44800000000004,24.3,4.8,2.9539999999999997,1653.1729999999998,6.65,2.9,23.1,0.7
86,Vatican,Europe,809,VAT,,,,,,,,,
87,Honduras,North America,9904608,HND,82.805,24.9,4.652,2.883,4541.795,7.21,2.0,,0.7
88,Hungary,Europe,9660350,HUN,108.04299999999999,43.4,18.577,11.975999999999999,26777.561,7.55,26.8,34.8,7.02
89,Iceland,Europe,341250,ISL,3.404,37.3,14.431,9.207,46482.958,5.31,14.3,15.2,2.91
90,India,Asia,1380004385,IND,450.41900000000004,28.2,5.989,3.4139999999999997,6426.674,10.39,1.9,20.6,0.53
91,Indonesia,Asia,273523621,IDN,145.725,29.3,5.319,3.053,11188.743999999999,6.32,2.8,76.1,1.04
92,Iran,Asia,83992953,IRN,49.831,32.4,5.44,3.182,19082.62,9.59,0.8,21.1,1.5
93,Iraq,Asia,40222503,IRQ,88.125,20.0,3.1860000000000004,1.9569999999999999,15663.986,8.83,,,1.4
94,Ireland,Europe,4937796,IRL,69.874,38.7,13.927999999999999,8.677999999999999,67335.293,3.28,23.0,25.7,2.96
95,Isle of Man,Europe,85032,IMN,147.872,,,,,,,,
96,Israel,Asia,8655541,ISR,402.606,30.6,11.732999999999999,7.359,33132.32,6.74,15.4,35.4,2.99
97,Italy,Europe,60461828,ITA,205.859,47.9,23.021,16.24,35220.084,4.78,19.8,27.8,3.18
98,Jamaica,North America,2961161,JAM,266.879,31.4,9.684,6.39,8193.571,11.28,5.3,28.6,1.7
99,Japan,Asia,126476458,JPN,347.778,48.2,27.049,18.493,39002.223,5.72,11.2,33.7,13.05
100,Jersey,Europe,0,JEY,,,,,,,,,
101,Jordan,Asia,10203140,JOR,109.285,23.2,3.81,2.3609999999999998,8337.49,11.75,,,1.4
102,Kazakhstan,Asia,18776707,KAZ,6.681,30.6,6.9910000000000005,4.625,24055.588,7.11,7.0,43.1,6.7
103,Kenya,Africa,53771300,KEN,87.324,20.0,2.6860000000000004,1.528,2993.028,2.92,1.2,20.4,1.4
104,Kosovo,Europe,1932774,RKS,,,,,,,,,
105,Kuwait,Asia,4270563,KWT,232.128,33.7,2.345,1.114,65530.537000000004,15.84,2.7,37.0,2.0
106,Kyrgyzstan,Asia,6524191,KGZ,32.333,26.3,4.489,2.8819999999999997,3393.474,7.11,3.6,50.5,4.5
107,Laos,Asia,7275556,LAO,29.715,24.4,4.029,2.322,6397.36,4.0,7.3,51.2,1.5
108,Latvia,Europe,1886202,LVA,31.212,43.9,19.754,14.136,25063.846,4.91,25.6,51.0,5.57
109,Lebanon,Asia,6825442,LBN,594.561,31.1,8.514,5.43,13367.565,12.71,26.9,40.7,2.9
110,Lesotho,Africa,2142252,LSO,73.562,22.2,4.506,2.647,2851.153,3.94,0.4,53.9,
111,Liberia,Africa,5057677,LBR,49.126999999999995,19.2,3.057,1.756,752.788,2.42,1.5,18.1,0.8
112,Libya,Africa,6871287,LBY,3.623,29.0,4.4239999999999995,2.8160000000000003,17881.509,10.43,,,3.7
113,Liechtenstein,Europe,38137,LIE,237.012,,,,,7.77,,,2.397
114,Lithuania,Europe,2722291,LTU,45.135,43.5,19.002,13.777999999999999,29524.265,3.67,21.3,38.0,6.56
115,Luxembourg,Europe,625976,LUX,231.447,39.7,14.312000000000001,9.842,94277.965,4.42,20.9,26.0,4.51
116,Madagascar,Africa,27691019,MDG,43.951,19.6,2.929,1.686,1416.44,3.94,,,0.2
117,Malawi,Africa,19129955,MWI,197.519,18.1,2.9789999999999996,1.7830000000000001,1095.042,3.94,4.4,24.7,1.3
118,Malaysia,Asia,32365998,MYS,96.25399999999999,29.9,6.292999999999999,3.407,26808.164,16.74,1.0,42.4,1.9
119,Maldives,Asia,540542,MDV,1454.433,30.6,4.12,2.875,15183.616000000002,9.19,2.1,55.0,
120,Mali,Africa,20250834,MLI,15.196,16.4,2.519,1.486,2014.306,2.42,1.6,23.0,0.1
121,Malta,Europe,441539,MLT,1454.037,42.4,19.426,11.324000000000002,36513.323,8.83,20.9,30.2,4.485
122,Mauritania,Africa,4649660,MRT,4.289,20.3,3.138,1.7919999999999998,3597.633,2.42,,,
123,Mauritius,Africa,1271767,MUS,622.962,37.4,10.945,5.8839999999999995,20292.745,22.02,3.2,40.7,3.4
124,Mexico,North America,128932753,MEX,66.444,29.3,6.857,4.321000000000001,17336.468999999997,13.06,6.9,21.4,1.38
125,Moldova,Europe,4033963,MDA,123.655,37.6,10.864,6.955,5189.972,5.72,5.9,44.6,5.8
126,Monaco,Europe,39244,MCO,19347.5,,,,,5.46,,,13.8
127,Mongolia,Asia,3278292,MNG,1.98,28.6,4.031000000000001,2.421,11840.846000000001,4.82,5.5,46.5,7.0
128,Montenegro,Europe,628062,MNE,46.28,39.1,14.762,9.395,16409.288,10.08,44.0,47.9,3.861
129,Montserrat,North America,4999,MSR,,,,,,,,,
130,Morocco,Africa,36910558,MAR,80.08,29.6,6.769,4.209,7485.013000000001,7.14,0.8,47.1,1.1
131,Mozambique,Africa,31255435,MOZ,37.728,17.7,3.158,1.87,1136.103,3.3,5.1,29.1,0.7
132,Myanmar,Asia,54409794,MMR,81.721,29.1,5.732,3.12,5591.597,4.61,6.3,35.2,0.9
133,Namibia,Africa,2540916,NAM,3.0780000000000003,22.0,3.552,2.085,9541.808,3.94,9.7,34.2,
134,Nepal,Asia,29136808,NPL,204.43,25.0,5.809,3.2119999999999997,2442.804,7.26,9.5,37.8,0.3
135,Netherlands,Europe,17134873,NLD,508.54400000000004,43.2,18.779,11.880999999999998,48472.545,5.29,24.4,27.3,3.32
136,New Caledonia,Oceania,285491,NCL,15.342,33.4,9.954,6.489,,23.36,,,
137,New Zealand,Oceania,4822233,NZL,18.206,37.9,15.322000000000001,9.72,36085.843,8.08,14.8,17.2,2.61
138,Nicaragua,North America,6624554,NIC,51.667,27.3,5.445,3.5189999999999997,5321.444,11.47,,,0.9
139,Niger,Africa,24206636,NER,16.955,15.1,2.553,1.3780000000000001,926.0,2.42,0.1,15.4,0.3
140,Nigeria,Africa,206139587,NGA,209.588,18.1,2.7510000000000003,1.4469999999999998,5338.454000000001,2.42,0.6,10.8,
141,Northern Mariana Islands,Oceania,57557,MNP,119.87799999999999,,,,,,,,
142,Norway,Europe,5421242,NOR,14.462,39.7,16.820999999999998,10.812999999999999,64800.057,5.31,19.6,20.7,3.6
143,Oman,Asia,5106622,OMN,14.98,30.7,2.355,1.53,37960.709,12.61,0.5,15.6,1.6
144,Pakistan,Asia,220892331,PAK,255.57299999999998,23.5,4.495,2.78,5034.708,8.35,2.8,36.7,0.6
145,Palestine,Asia,5101416,PSE,778.202,20.4,3.043,1.726,4449.898,10.59,,,
146,Panama,North America,4314768,PAN,55.133,29.7,7.917999999999999,5.03,22267.037,8.33,2.4,9.9,2.3
147,Papua New Guinea,Oceania,8947027,PNG,18.22,22.6,3.8080000000000003,2.142,3823.1940000000004,17.65,23.5,48.8,
148,Paraguay,South America,7132530,PRY,17.144000000000002,26.5,6.377999999999999,3.833,8827.01,8.27,5.0,21.6,1.3
149,Peru,South America,32971846,PER,25.129,29.1,7.151,4.455,12236.706,5.95,4.8,,1.6
150,Philippines,Asia,109581085,PHL,351.87300000000005,25.2,4.803,2.661,7599.188,7.07,7.8,40.8,1.0
151,Poland,Europe,37846605,POL,124.027,41.8,16.762999999999998,10.202,27216.445,5.91,23.3,33.1,6.62
152,Portugal,Europe,10196707,PRT,112.37100000000001,46.2,21.502,14.924000000000001,27936.896,9.85,16.3,30.0,3.39
153,Puerto Rico,North America,2860840,PRI,376.23199999999997,38.2,15.168,9.829,35044.67,12.9,,,
154,Qatar,Asia,2881060,QAT,227.322,31.9,1.307,0.617,116935.6,16.52,0.8,26.9,1.2
155,Romania,Europe,19237682,ROU,85.12899999999999,43.0,17.85,11.69,23313.199,9.74,22.9,37.1,6.892
156,Russia,Europe,145934460,RUS,8.823,39.6,14.177999999999999,9.392999999999999,24765.953999999998,6.18,23.4,58.3,8.05
157,Rwanda,Africa,12952209,RWA,494.869,20.3,2.9739999999999998,1.642,1854.211,4.28,4.7,21.0,
158,Saint Kitts and Nevis,North America,53192,KNA,212.865,,,,24654.385,12.84,,,2.3
159,Saint Lucia,North America,183629,LCA,293.187,34.9,9.721,6.405,12951.839,11.62,,,1.3
160,Saint Vincent and the Grenadines,North America,110947,VCT,281.78700000000003,31.8,7.724,4.832,10727.146,11.62,,,2.6
161,San Marino,Europe,33938,SMR,556.6669999999999,,,,56861.47,5.64,,,3.8
162,Sao Tome and Principe,Africa,219161,STP,212.84099999999998,18.7,2.886,2.162,3052.7140000000004,2.42,,,2.9
163,Saudi Arabia,Asia,34813867,SAU,15.322000000000001,31.9,3.295,1.845,49045.41099999999,17.72,1.8,25.4,2.7
164,Senegal,Africa,16743930,SEN,82.32799999999999,18.7,3.008,1.796,2470.58,2.42,0.4,16.6,
165,Serbia,Europe,6804596,SRB,80.291,41.2,17.366,,14048.881000000001,10.08,37.7,40.2,5.609
166,Seychelles,Africa,98340,SYC,208.354,36.2,8.606,5.586,26382.287,10.55,7.1,35.7,3.6
167,Sierra Leone,Africa,7976985,SLE,104.7,19.1,2.5380000000000003,1.285,1390.3,2.42,8.8,41.3,
168,Singapore,Asia,5850343,SGP,7915.731,42.4,12.922,7.0489999999999995,85535.383,10.99,5.2,28.3,2.4
169,Sint Maarten (Dutch part),North America,42882,SXM,1209.088,,,,36327.232,,,,
170,Slovakia,Europe,5459643,SVK,113.12799999999999,41.2,15.07,9.167,30155.152000000002,7.29,23.1,37.7,5.82
171,Slovenia,Europe,2078932,SVN,102.619,44.5,19.062,12.93,31400.84,7.25,20.1,25.0,4.5
172,Somalia,Africa,15893219,SOM,23.5,16.8,2.7310000000000003,1.496,,6.05,,,0.9
173,South Africa,Africa,59308690,ZAF,46.754,27.3,5.343999999999999,3.053,12294.876,5.52,8.1,33.2,2.32
174,South Korea,Asia,51269183,KOR,527.967,43.4,13.914000000000001,8.622,35938.373999999996,6.8,6.2,40.9,12.27
175,South Sudan,Africa,11193729,SSD,,19.2,3.4410000000000003,2.032,1569.888,10.43,,,
176,Spain,Europe,46754783,ESP,93.105,45.5,19.436,13.799000000000001,34272.36,7.17,27.4,31.4,2.97
177,Sri Lanka,Asia,21413250,LKA,341.955,34.1,10.068999999999999,5.331,11669.077,10.68,0.3,27.0,3.6
178,Sudan,Africa,43849269,SDN,23.258000000000003,19.7,3.548,2.0340000000000003,4466.5070000000005,15.67,,,0.8
179,Suriname,South America,586634,SUR,3.612,29.6,6.933,4.229,13767.118999999999,12.54,7.4,42.9,3.1
180,Sweden,Europe,10099270,SWE,24.718000000000004,41.0,19.985,13.433,46949.282999999996,4.79,18.8,18.9,2.22
181,Switzerland,Europe,8654618,CHE,214.243,43.1,18.436,12.644,57410.166,5.59,22.6,28.9,4.53
182,Syria,Asia,17500657,SYR,,21.7,,2.577,,,,,1.5
183,Taiwan,Asia,23816775,TWN,,42.2,,8.353,,,,,
184,Tajikistan,Asia,9537642,TJK,64.281,23.3,3.466,2.155,2896.913,7.11,,,4.8
185,Thailand,Asia,69799978,THA,135.132,40.1,11.373,6.89,16277.671,7.04,1.9,38.8,2.1
186,Timor,Asia,1318442,TLS,87.176,18.0,3.556,1.8969999999999998,6570.102,6.86,6.3,78.1,5.9
187,Togo,Africa,8278737,TGO,143.366,19.4,2.839,1.525,1429.8129999999999,6.15,0.9,14.2,0.7
188,Trinidad and Tobago,North America,1399491,TTO,266.88599999999997,36.2,10.014,5.819,28763.071,10.97,,,3.0
189,Tunisia,Africa,11818618,TUN,74.22800000000001,32.7,8.001,5.075,10849.296999999999,8.52,1.1,65.8,2.3
190,Turkey,Asia,84339067,TUR,104.914,31.6,8.152999999999999,5.061,25129.341,12.13,14.1,41.1,2.81
191,Turks and Caicos Islands,North America,38718,TCA,37.312,,,,,,,,
192,Uganda,Africa,45741000,UGA,213.75900000000001,16.4,2.168,1.308,1697.707,2.5,3.4,16.7,0.5
193,Ukraine,Europe,43733759,UKR,77.39,41.4,16.462,11.133,7894.393,7.11,13.5,47.4,8.8
194,United Arab Emirates,Asia,9890400,ARE,112.44200000000001,34.0,1.1440000000000001,0.526,67293.483,17.26,1.2,37.4,1.2
195,United Kingdom,Europe,67886004,GBR,272.89799999999997,40.8,18.517,12.527000000000001,39753.244,4.28,20.0,24.7,2.54
196,Tanzania,Africa,59734213,TZA,64.699,17.7,3.108,1.874,2683.304,5.75,3.3,26.7,0.7
197,United States Virgin Islands,North America,104423,VIR,306.48,42.2,18.601,10.799000000000001,,12.26,,,
198,United States,North America,331002647,USA,35.608000000000004,38.3,15.413,9.732000000000001,54225.445999999996,10.79,19.1,24.6,2.77
199,Uruguay,South America,3473727,URY,19.750999999999998,35.6,14.655,10.360999999999999,20551.409,6.93,14.0,19.9,2.8
200,Uzbekistan,Asia,33469199,UZB,76.134,28.2,4.468999999999999,2.873,6253.104,7.57,1.3,24.7,4.0
201,Venezuela,South America,28435943,VEN,36.253,29.0,6.614,3.915,16745.022,6.47,,,0.8
202,Vietnam,Asia,97338583,VNM,308.127,32.6,7.15,4.718,6171.884,6.0,1.0,45.9,2.6
203,Western Sahara,Africa,597330,ESH,,28.4,,1.38,,,,,
204,Yemen,Asia,29825968,YEM,53.508,20.3,2.9219999999999997,1.5830000000000002,1479.1470000000002,5.35,7.6,29.2,0.7
205,Zambia,Africa,18383956,ZMB,22.995,17.7,2.48,1.5419999999999998,3689.2509999999997,3.94,3.1,24.7,2.0
206,Zimbabwe,Africa,14862927,ZWE,42.729,19.6,2.822,1.882,1899.775,1.82,1.6,30.7,1.7
